0,1
1e-05,1
2e-05,1
3e-05,1
4e-05,1
5e-05,1
6.000000000000001e-05,1
7.000000000000001e-05,1
8.000000000000001e-05,1
9.000000000000001e-05,1
0.0001,1
0.00011,1
0.00012,1
0.00013,1
0.00014,1
0.00015,1
0.00016,1
0.00017,1
0.00018,1
0.00019,1
0.0002,1
0.00021,1
0.00022,1
0.00023,1
0.00024,1
0.00025,1
0.00026,1
0.00027,1
0.00028,0
0.00029,0
0.0003,0
0.00031,0
0.00032,0
0.0003300000000000001,0
0.00034,0
0.0003500000000000001,0
0.00036,0
0.00037,0
0.00038,0
0.00039,0
0.0004,0
0.00041,0
0.00042,0
0.00043,0
0.00044,0
0.00045,0
0.00046,0
0.00047,0
0.0004800000000000001,0
0.0004900000000000001,0
0.0005,0
0.00051,0
0.0005200000000000001,0
0.0005300000000000001,0
0.00054,0
0.00055,0
0.0005600000000000001,0
0.0005700000000000001,0
0.00058,0
0.00059,0
0.0006000000000000001,0
0.0006100000000000001,0
0.00062,0
0.00063,0
0.0006400000000000001,0
0.0006500000000000001,0
0.0006600000000000001,0
0.00067,0
0.00068,0
0.0006900000000000001,0
0.0007000000000000001,1
0.00071,1
0.00072,1
0.0007300000000000001,1
0.0007400000000000001,1
0.00075,1
0.00076,1
0.0007700000000000001,1
0.0007800000000000001,1
0.00079,1
0.0008,1
0.0008100000000000001,1
0.0008200000000000001,1
0.0008300000000000001,1
0.00084,1
0.0008500000000000001,1
0.0008600000000000001,1
0.0008700000000000001,1
0.00088,1
0.0008900000000000001,1
0.0009000000000000001,1
0.0009100000000000001,1
0.00092,1
0.0009300000000000001,1
0.0009400000000000001,1
0.0009500000000000001,1
0.0009600000000000001,1
0.0009700000000000001,1
0.0009800000000000002,1
0.00099,1
0.001,1
0.00101,1
0.00102,1
0.00103,1
0.00104,1
0.00105,1
0.00106,1
0.00107,1
0.00108,1
0.00109,1
0.0011,1
0.00111,1
0.00112,1
0.00113,1
0.00114,1
0.00115,1
0.00116,1
0.00117,1
0.00118,1
0.00119,1
0.0012,1
0.00121,1
0.00122,1
0.00123,1
0.00124,1
0.00125,1
0.00126,1
0.00127,1
0.00128,1
0.00129,1
0.0013,1
0.00131,1
0.00132,1
0.00133,1
0.00134,1
0.00135,1
0.00136,0
0.00137,0
0.00138,0
0.00139,0
0.0014,0
0.00141,0
0.00142,0
0.00143,0
0.00144,0
0.00145,0
0.00146,0
0.00147,0
0.00148,0
0.00149,0
0.0015,0
0.00151,0
0.00152,0
0.00153,0
0.00154,0
0.00155,0
0.00156,0
0.00157,0
0.00158,0
0.00159,0
0.0016,0
0.00161,0
0.00162,0
0.00163,1
0.00164,1
0.00165,1
0.00166,1
0.00167,1
0.00168,1
0.00169,1
0.0017,1
0.00171,1
0.00172,1
0.00173,1
0.00174,1
0.00175,1
0.00176,1
0.00177,1
0.00178,1
0.00179,1
0.0018,1
0.00181,1
0.00182,1
0.00183,1
0.00184,1
0.00185,1
0.00186,1
0.00187,1
0.00188,1
0.00189,1
0.0019,1
0.00191,1
0.00192,1
0.00193,1
0.00194,1
0.00195,1
0.00196,1
0.00197,1
0.00198,1
0.00199,1
0.002,1
0.00201,1
0.00202,1
0.00203,1
0.00204,1
0.00205,1
0.00206,1
0.00207,1
0.00208,1
0.00209,1
0.0021,1
0.00211,1
0.00212,1
0.00213,1
0.00214,1
0.00215,1
0.00216,1
0.00217,1
0.00218,1
0.00219,1
0.0022,1
0.00221,1
0.00222,1
0.00223,1
0.00224,1
0.00225,1
0.00226,1
0.00227,1
0.00228,1
0.00229,1
0.0023,1
0.00231,1
0.00232,1
0.00233,1
0.00234,1
0.00235,1
0.00236,1
0.00237,1
0.00238,1
0.00239,1
0.0024,1
0.00241,1
0.00242,1
0.00243,0
0.00244,0
0.00245,0
0.00246,0
0.00247,0
0.00248,0
0.00249,0
0.0025,0
0.00251,0
0.00252,0
0.00253,0
0.00254,0
0.00255,0
0.00256,0
0.00257,1
0.00258,1
0.00259,1
0.0026,1
0.00261,1
0.00262,1
0.00263,1
0.00264,1
0.00265,1
0.00266,1
0.00267,1
0.00268,1
0.00269,1
0.0027,1
0.00271,1
0.00272,1
0.00273,1
0.00274,1
0.00275,1
0.00276,1
0.00277,1
0.00278,1
0.00279,1
0.0028,1
0.00281,1
0.00282,1
0.00283,1
0.00284,1
0.00285,1
0.00286,1
0.00287,1
0.00288,1
0.00289,1
0.0029,1
0.00291,1
0.00292,1
0.00293,1
0.00294,1
0.00295,1
0.00296,1
0.00297,1
0.00298,1
0.00299,1
0.003,1
0.00301,1
0.00302,1
0.00303,1
0.00304,1
0.00305,1
0.00306,1
0.00307,1
0.00308,1
0.00309,1
0.0031,1
0.00311,1
0.00312,1
0.00313,1
0.00314,1
0.00315,1
0.00316,1
0.00317,1
0.00318,1
0.00319,1
0.0032,1
0.00321,1
0.00322,1
0.00323,1
0.00324,1
0.00325,1
0.00326,1
0.00327,1
0.00328,1
0.00329,1
0.0033,1
0.00331,1
0.00332,1
0.00333,1
0.00334,1
0.00335,1
0.00336,1
0.00337,1
0.00338,1
0.00339,1
0.0034,1
0.00341,1
0.00342,1
0.00343,1
0.00344,1
0.00345,1
0.00346,1
0.00347,1
0.00348,0
0.00349,0
0.0035,0
0.00351,0
0.00352,0
0.00353,1
0.00354,1
0.00355,1
0.00356,1
0.00357,1
0.00358,1
0.00359,1
0.0036,1
0.00361,1
0.00362,1
0.00363,1
0.00364,1
0.00365,1
0.00366,1
0.00367,1
0.00368,1
0.00369,1
0.0037,1
0.00371,1
0.00372,1
0.00373,1
0.00374,1
0.00375,1
0.00376,1
0.00377,1
0.00378,1
0.00379,1
0.0038,1
0.00381,1
0.00382,1
0.003830000000000001,1
0.003840000000000001,1
0.00385,1
0.00386,1
0.00387,1
0.00388,1
0.00389,1
0.0039,1
0.00391,1
0.003920000000000001,1
0.00393,1
0.00394,1
0.00395,1
0.00396,1
0.00397,1
0.00398,1
0.00399,1
0.004,1
0.004010000000000001,1
0.00402,1
0.004030000000000001,1
0.00404,1
0.004050000000000001,1
0.00406,1
0.004070000000000001,1
0.00408,1
0.004090000000000001,1
0.0041,1
0.00411,1
0.00412,1
0.00413,1
0.00414,1
0.00415,1
0.004160000000000001,1
0.00417,1
0.004180000000000001,1
0.00419,1
0.004200000000000001,1
0.00421,1
0.004220000000000001,1
0.00423,1
0.004240000000000001,1
0.00425,1
0.004260000000000001,1
0.00427,1
0.00428,1
0.00429,1
0.0043,1
0.00431,1
0.00432,1
0.004330000000000001,1
0.00434,1
0.004350000000000001,1
0.00436,1
0.004370000000000001,1
0.00438,1
0.004390000000000001,1
0.0044,1
0.004410000000000001,1
0.00442,1
0.004430000000000001,1
0.00444,1
0.00445,1
0.00446,1
0.00447,1
0.00448,1
0.00449,1
0.004500000000000001,0
0.00451,1
0.004520000000000001,1
0.00453,1
0.004540000000000001,1
0.00455,1
0.004560000000000001,1
0.00457,1
0.004580000000000001,1
0.00459,1
0.004600000000000001,1
0.00461,1
0.00462,1
0.00463,1
0.00464,1
0.00465,1
0.00466,1
0.004670000000000001,1
0.00468,1
0.004690000000000001,1
0.0047,1
0.004710000000000001,1
0.00472,1
0.004730000000000001,1
0.00474,1
0.004750000000000001,1
0.00476,1
0.004770000000000001,1
0.00478,1
0.00479,1
0.0048,1
0.00481,1
0.00482,1
0.00483,1
0.004840000000000001,1
0.00485,1
0.004860000000000001,1
0.00487,1
0.004880000000000001,1
0.00489,1
0.004900000000000001,1
0.00491,1
0.004920000000000001,1
0.00493,1
0.004940000000000001,1
0.00495,1
0.00496,1
0.00497,1
0.00498,1
0.004990000000000001,1
0.005,1
0.005010000000000001,1
0.00502,1
0.005030000000000001,1
0.00504,1
0.005050000000000001,1
0.00506,1
0.005070000000000001,1
0.00508,1
0.005090000000000001,1
0.0051,1
0.005110000000000001,1
0.00512,1
0.00513,1
0.00514,1
0.00515,1
0.005160000000000001,1
0.00517,1
0.005180000000000001,1
0.00519,1
0.005200000000000001,1
0.00521,1
0.005220000000000001,1
0.00523,1
0.005240000000000001,1
0.00525,1
0.005260000000000001,1
0.00527,1
0.005280000000000001,1
0.00529,1
0.0053,1
0.00531,1
0.00532,1
0.005330000000000001,1
0.00534,1
0.005350000000000001,1
0.00536,1
0.005370000000000001,1
0.00538,1
0.005390000000000001,1
0.0054,1
0.005410000000000001,1
0.00542,1
0.005430000000000001,1
0.00544,1
0.005450000000000001,1
0.00546,1
0.00547,1
0.00548,1
0.00549,1
0.005500000000000001,0
0.00551,1
0.005520000000000001,1
0.00553,1
0.005540000000000001,1
0.00555,1
0.005560000000000001,1
0.00557,1
0.005580000000000001,1
0.00559,1
0.005600000000000001,1
0.00561,1
0.005620000000000001,1
0.00563,1
0.00564,1
0.005650000000000001,1
0.00566,1
0.005670000000000001,1
0.00568,1
0.005690000000000001,1
0.0057,1
0.005710000000000001,1
0.00572,1
0.005730000000000001,1
0.00574,1
0.005750000000000001,1
0.00576,1
0.005770000000000001,1
0.00578,1
0.005790000000000001,1
0.0058,1
0.00581,1
0.005820000000000001,1
0.00583,1
0.005840000000000001,1
0.00585,1
0.005860000000000001,1
0.00587,1
0.005880000000000001,1
0.00589,1
0.005900000000000001,1
0.00591,1
0.005920000000000001,1
0.00593,1
0.005940000000000001,1
0.00595,1
0.005960000000000001,1
0.00597,1
0.00598,1
0.005990000000000001,1
0.006,1
0.006010000000000001,1
0.00602,1
0.006030000000000001,1
0.00604,1
0.006050000000000001,1
0.00606,1
0.006070000000000001,1
0.00608,1
0.006090000000000001,1
0.0061,1
0.006110000000000001,1
0.00612,1
0.006130000000000001,1
0.00614,1
0.00615,1
0.006160000000000001,1
0.00617,1
0.006180000000000001,1
0.00619,1
0.006200000000000001,1
0.00621,1
0.006220000000000001,1
0.00623,1
0.006240000000000001,1
0.00625,1
0.006260000000000001,1
0.00627,1
0.006280000000000001,1
0.00629,1
0.006300000000000001,1
0.006310000000000001,1
0.00632,1
0.006330000000000001,1
0.00634,1
0.006350000000000001,1
0.00636,1
0.006370000000000001,1
0.00638,1
0.006390000000000001,1
0.0064,1
0.006410000000000001,1
0.00642,1
0.006430000000000001,1
0.00644,1
0.006450000000000001,1
0.00646,1
0.006470000000000001,1
0.006480000000000001,0
0.00649,0
0.006500000000000001,0
0.00651,0
0.006520000000000001,0
0.00653,1
0.006540000000000001,1
0.00655,1
0.006560000000000001,1
0.00657,1
0.006580000000000001,1
0.00659,1
0.006600000000000001,1
0.00661,1
0.006620000000000001,1
0.00663,1
0.006640000000000001,1
0.006650000000000001,1
0.00666,1
0.006670000000000001,1
0.00668,1
0.006690000000000001,1
0.0067,1
0.006710000000000001,1
0.00672,1
0.006730000000000001,1
0.00674,1
0.006750000000000001,1
0.00676,1
0.006770000000000001,1
0.00678,1
0.006790000000000001,1
0.0068,1
0.006810000000000001,1
0.006820000000000001,1
0.00683,1
0.006840000000000001,1
0.00685,1
0.006860000000000001,1
0.00687,1
0.006880000000000001,1
0.00689,1
0.006900000000000001,1
0.00691,1
0.006920000000000001,1
0.00693,1
0.006940000000000001,1
0.00695,1
0.006960000000000001,1
0.006970000000000001,1
0.006980000000000001,1
0.006990000000000001,1
0.007,1
0.007010000000000001,1
0.00702,1
0.007030000000000001,1
0.00704,1
0.007050000000000001,1
0.00706,1
0.007070000000000001,1
0.00708,1
0.007090000000000001,1
0.0071,1
0.007110000000000001,1
0.00712,1
0.007130000000000001,1
0.007140000000000001,1
0.007150000000000001,1
0.007160000000000001,1
0.00717,1
0.007180000000000001,1
0.00719,1
0.007200000000000001,1
0.00721,1
0.007220000000000001,1
0.00723,1
0.007240000000000001,1
0.00725,1
0.007260000000000001,1
0.00727,1
0.007280000000000001,1
0.00729,1
0.007300000000000001,1
0.007310000000000001,1
0.007320000000000001,1
0.007330000000000001,1
0.00734,1
0.007350000000000001,1
0.00736,1
0.007370000000000001,1
0.00738,1
0.007390000000000001,1
0.0074,1
0.007410000000000001,1
0.00742,1
0.007430000000000001,1
0.00744,0
0.007450000000000001,0
0.00746,0
0.007470000000000001,0
0.007480000000000001,0
0.007490000000000001,0
0.007500000000000001,0
0.00751,0
0.007520000000000001,0
0.00753,0
0.007540000000000001,0
0.00755,0
0.007560000000000001,0
0.00757,0
0.007580000000000001,1
0.00759,1
0.007600000000000001,1
0.00761,1
0.007620000000000001,1
0.00763,1
0.007640000000000001,1
0.007650000000000001,1
0.007660000000000001,1
0.007670000000000001,1
0.007680000000000001,1
0.007690000000000001,1
0.0077,1
0.007710000000000001,1
0.00772,1
0.007730000000000001,1
0.00774,1
0.007750000000000001,1
0.00776,1
0.007770000000000001,1
0.00778,1
0.007790000000000001,1
0.007800000000000001,1
0.007810000000000001,1
0.007820000000000001,1
0.00783,1
0.007840000000000001,1
0.007850000000000001,1
0.007860000000000001,1
0.00787,1
0.00788,1
0.007890000000000001,1
0.007900000000000001,1
0.00791,1
0.00792,1
0.007930000000000001,1
0.007940000000000001,1
0.00795,1
0.00796,1
0.007970000000000001,1
0.007980000000000001,1
0.007990000000000001,1
0.008,1
0.008010000000000001,1
0.008020000000000001,1
0.008030000000000001,1
0.00804,1
0.00805,1
0.008060000000000001,1
0.008070000000000001,1
0.00808,1
0.00809,1
0.008100000000000001,1
0.008110000000000001,1
0.00812,1
0.00813,1
0.008140000000000001,1
0.008150000000000001,1
0.008160000000000001,1
0.00817,1
0.008180000000000002,1
0.008190000000000001,1
0.008200000000000001,1
0.00821,1
0.00822,1
0.008230000000000001,1
0.008240000000000001,1
0.00825,1
0.00826,1
0.008270000000000001,1
0.008280000000000001,1
0.00829,1
0.0083,1
0.008310000000000001,1
0.008320000000000001,1
0.008330000000000001,1
0.00834,1
0.008350000000000002,1
0.008360000000000001,1
0.008370000000000001,1
0.00838,0
0.00839,0
0.008400000000000001,0
0.008410000000000001,0
0.00842,0
0.00843,0
0.008440000000000001,0
0.008450000000000001,0
0.008460000000000001,0
0.00847,0
0.008480000000000001,0
0.008490000000000001,0
0.008500000000000001,0
0.00851,0
0.008520000000000002,0
0.008530000000000001,0
0.008540000000000001,0
0.00855,0
0.00856,0
0.008570000000000001,0
0.008580000000000001,0
0.00859,0
0.0086,0
0.008610000000000001,0
0.008620000000000001,0
0.008630000000000001,0
0.00864,0
0.008650000000000001,1
0.008660000000000001,1
0.008670000000000001,1
0.00868,1
0.008690000000000002,1
0.008700000000000001,1
0.008710000000000001,1
0.00872,1
0.00873,1
0.008740000000000001,1
0.008750000000000001,1
0.00876,1
0.00877,1
0.008780000000000001,1
0.008790000000000001,1
0.008800000000000001,1
0.00881,1
0.008820000000000001,1
0.008830000000000001,1
0.008840000000000001,1
0.00885,1
0.008860000000000002,1
0.008870000000000001,1
0.008880000000000001,1
0.00889,1
0.0089,1
0.008910000000000001,1
0.008920000000000001,1
0.00893,1
0.00894,1
0.008950000000000001,1
0.008960000000000001,1
0.008970000000000001,1
0.00898,1
0.008990000000000001,1
0.009000000000000001,1
0.009010000000000001,1
0.00902,1
0.009030000000000002,1
0.009040000000000001,1
0.009050000000000001,1
0.00906,1
0.00907,1
0.009080000000000001,1
0.009090000000000001,1
0.0091,1
0.00911,1
0.009120000000000001,1
0.009130000000000001,1
0.009140000000000001,1
0.00915,1
0.009160000000000001,1
0.009170000000000001,1
0.009180000000000001,1
0.00919,1
0.009200000000000002,1
0.009210000000000001,1
0.009220000000000001,1
0.00923,1
0.00924,1
0.009250000000000001,1
0.009260000000000001,1
0.00927,1
0.00928,1
0.009290000000000001,1
0.009300000000000001,1
0.009310000000000001,0
0.00932,0
0.009330000000000001,0
0.009340000000000001,0
0.009350000000000001,0
0.00936,0
0.009370000000000002,0
0.009380000000000001,0
0.009390000000000001,0
0.0094,0
0.00941,0
0.009420000000000001,0
0.009430000000000001,0
0.00944,0
0.00945,0
0.009460000000000001,0
0.009470000000000001,0
0.009480000000000001,0
0.00949,0
0.009500000000000001,0
0.009510000000000001,0
0.009520000000000001,0
0.00953,0
0.009540000000000002,0
0.009550000000000001,0
0.009560000000000001,0
0.00957,0
0.00958,0
0.009590000000000001,0
0.009600000000000001,0
0.00961,0
0.00962,0
0.009630000000000001,0
0.009640000000000001,0
0.009650000000000001,0
0.00966,0
0.009670000000000002,0
0.009680000000000001,0
0.009690000000000001,0
0.0097,0
0.009710000000000002,0
0.009720000000000001,0
0.009730000000000001,1
0.00974,1
0.00975,1
0.009760000000000001,1
0.009770000000000001,1
0.00978,1
0.00979,1
0.009800000000000001,1
0.009810000000000001,1
0.009820000000000001,1
0.00983,1
0.009840000000000002,1
0.009850000000000001,1
0.009860000000000001,1
0.00987,1
0.009880000000000002,1
0.009890000000000001,1
0.009900000000000001,1
0.00991,1
0.00992,1
0.009930000000000001,1
0.009940000000000001,1
0.009950000000000001,1
0.00996,1
0.009970000000000001,1
0.009980000000000001,1
0.009990000000000001,1
0.01,1
0.01001,1
0.01002,1
0.01003,1
0.01004,1
0.01005,1
0.01006,1
0.01007,1
0.01008,1
0.01009,1
0.0101,1
0.01011,1
0.01012,1
0.01013,1
0.01014,1
0.01015,1
0.01016,1
0.01017,1
0.01018,1
0.01019,1
0.0102,1
0.01021,1
0.01022,1
0.01023,1
0.01024,0
0.01025,0
0.01026,0
0.01027,0
0.01028,0
0.01029,0
0.0103,0
0.01031,0
0.01032,0
0.01033,0
0.01034,0
0.01035,0
0.01036,0
0.01037,0
0.01038,0
0.01039,0
0.0104,0
0.01041,0
0.01042,0
0.01043,0
0.01044,0
0.01045,0
0.01046,0
0.01047,0
0.01048,0
0.01049,0
0.0105,0
0.01051,0
0.01052,0
0.01053,0
0.01054,0
0.01055,0
0.01056,0
0.01057,0
0.01058,0
0.01059,0
0.0106,0
0.01061,0
0.01062,0
0.01063,0
0.01064,0
0.01065,0
0.01066,0
0.01067,0
0.01068,0
0.01069,0
0.0107,0
0.01071,0
0.01072,0
0.01073,0
0.01074,0
0.01075,0
0.01076,0
0.01077,0
0.01078,0
0.01079,0
0.0108,0
0.01081,0
0.01082,1
0.01083,1
0.01084,1
0.01085,1
0.01086,1
0.01087,1
0.01088,1
0.01089,1
0.0109,1
0.01091,1
0.01092,1
0.01093,1
0.01094,1
0.01095,1
0.01096,1
0.01097,1
0.01098,1
0.01099,1
0.011,1
0.01101,1
0.01102,1
0.01103,1
0.01104,1
0.01105,1
0.01106,1
0.01107,1
0.01108,1
0.01109,1
0.0111,1
0.01111,1
0.01112,1
0.01113,1
0.01114,1
0.01115,1
0.01116,1
0.01117,0
0.01118,0
0.01119,0
0.0112,0
0.01121,0
0.01122,0
0.01123,0
0.01124,0
0.01125,0
0.01126,0
0.01127,0
0.01128,0
0.01129,0
0.0113,0
0.01131,0
0.01132,0
0.01133,0
0.01134,0
0.01135,0
0.01136,0
0.01137,0
0.01138,0
0.01139,0
0.0114,0
0.01141,0
0.01142,0
0.01143,0
0.01144,0
0.01145,0
0.01146,0
0.01147,0
0.01148,0
0.01149,0
0.0115,0
0.01151,0
0.01152,0
0.01153,0
0.01154,0
0.01155,0
0.01156,0
0.01157,0
0.01158,0
0.01159,0
0.0116,0
0.01161,0
0.01162,0
0.01163,0
0.01164,0
0.01165,0
0.01166,0
0.01167,0
0.01168,0
0.01169,0
0.0117,0
0.01171,0
0.01172,0
0.01173,0
0.01174,0
0.01175,0
0.01176,0
0.01177,0
0.01178,0
0.01179,0
0.0118,0
0.01181,0
0.01182,0
0.01183,0
0.01184,0
0.01185,0
0.01186,0
0.01187,0
0.01188,0
0.01189,1
0.0119,1
0.01191,1
0.01192,1
0.01193,1
0.01194,1
0.01195,1
0.01196,1
0.01197,1
0.01198,1
0.01199,1
0.012,1
0.01201,1
0.01202,1
0.01203,1
0.01204,1
0.01205,1
0.01206,1
0.01207,1
0.01208,1
0.01209,1
0.0121,0
0.01211,0
0.01212,0
0.01213,0
0.01214,0
0.01215,0
0.01216,0
0.01217,0
0.01218,0
0.01219,0
0.0122,0
0.01221,0
0.01222,0
0.01223,0
0.01224,0
0.01225,0
0.01226,0
0.01227,0
0.01228,0
0.01229,0
0.0123,0
0.01231,0
0.01232,0
0.01233,0
0.01234,0
0.01235,0
0.01236,0
0.01237,0
0.01238,0
0.01239,0
0.0124,0
0.01241,0
0.01242,0
0.01243,0
0.01244,0
0.01245,0
0.01246,0
0.01247,0
0.01248,0
0.01249,0
0.0125,0
0.01251,0
0.01252,0
0.01253,0
0.01254,0
0.01255,0
0.01256,0
0.01257,0
0.01258,0
0.01259,0
0.0126,0
0.01261,0
0.01262,0
0.01263,0
0.01264,0
0.01265,0
0.01266,0
0.01267,0
0.01268,0
0.01269,0
0.0127,0
0.01271,0
0.01272,0
0.01273,0
0.01274,0
0.01275,0
0.01276,0
0.01277,0
0.01278,0
0.01279,0
0.0128,0
0.01281,0
0.01282,0
0.01283,0
0.01284,0
0.01285,0
0.01286,0
0.01287,0
0.01288,0
0.01289,0
0.0129,0
0.01291,0
0.01292,0
0.01293,0
0.01294,0
0.01295,1
0.01296,1
0.01297,1
0.01298,1
0.01299,1
0.013,1
0.01301,1
0.01302,1
0.01303,1
0.01304,1
0.01305,0
0.01306,0
0.01307,0
0.01308,0
0.01309,0
0.0131,0
0.01311,0
0.01312,0
0.01313,0
0.01314,0
0.01315,0
0.01316,0
0.01317,0
0.01318,0
0.01319,0
0.0132,0
0.01321,0
0.01322,0
0.01323,0
0.01324,0
0.01325,0
0.01326,0
0.01327,0
0.01328,0
0.01329,0
0.0133,0
0.01331,0
0.01332,0
0.01333,0
0.01334,0
0.01335,0
0.01336,0
0.01337,0
0.01338,0
0.01339,0
0.0134,0
0.01341,0
0.01342,0
0.01343,0
0.01344,0
0.01345,0
0.01346,0
0.01347,0
0.01348,0
0.01349,0
0.0135,0
0.01351,0
0.01352,0
0.01353,0
0.01354,0
0.01355,0
0.01356,0
0.01357,0
0.01358,0
0.01359,0
0.0136,0
0.01361,0
0.01362,0
0.01363,0
0.01364,0
0.01365,0
0.01366,0
0.01367,0
0.01368,0
0.01369,0
0.0137,0
0.01371,0
0.01372,0
0.01373,0
0.01374,0
0.01375,0
0.01376,0
0.01377,0
0.01378,0
0.01379,0
0.0138,0
0.01381,0
0.01382,0
0.01383,0
0.01384,0
0.01385,0
0.01386,0
0.01387,0
0.01388,0
0.01389,0
0.0139,0
0.01391,0
0.01392,0
0.01393,0
0.01394,0
0.01395,0
0.01396,0
0.01397,0
0.01398,0
0.01399,1
0.014,1
0.01401,1
0.01402,0
0.01403,0
0.01404,0
0.01405,0
0.01406,0
0.01407,0
0.01408,0
0.01409,0
0.0141,0
0.01411,0
0.01412,0
0.01413,0
0.01414,0
0.01415,0
0.01416,0
0.01417,0
0.01418,0
0.01419,0
0.0142,0
0.01421,0
0.01422,0
0.01423,0
0.01424,0
0.01425,0
0.01426,0
0.01427,0
0.01428,0
0.01429,0
0.0143,0
0.01431,0
0.01432,0
0.01433,0
0.01434,0
0.01435,0
0.01436,0
0.01437,0
0.01438,0
0.01439,0
0.0144,0
0.01441,0
0.01442,0
0.01443,0
0.01444,0
0.01445,0
0.01446,0
0.01447,0
0.01448,0
0.01449,0
0.0145,0
0.01451,0
0.01452,0
0.01453,0
0.01454,0
0.01455,0
0.01456,0
0.01457,0
0.01458,0
0.01459,0
0.0146,0
0.01461,0
0.01462,0
0.01463,0
0.01464,0
0.01465,0
0.01466,0
0.01467,0
0.01468,0
0.01469,0
0.0147,0
0.01471,0
0.01472,0
0.01473,0
0.01474,0
0.01475,0
0.01476,0
0.01477,0
0.01478,0
0.01479,0
0.0148,0
0.01481,0
0.01482,0
0.01483,0
0.01484,0
0.01485,0
0.01486,0
0.01487,0
0.01488,0
0.01489,0
0.0149,0
0.01491,0
0.01492,0
0.01493,0
0.01494,0
0.01495,0
0.01496,0
0.01497,0
0.01498,0
0.01499,0
0.015,0
0.01501,0
0.01502,0
0.01503,0
0.01504,0
0.01505,0
0.01506,0
0.01507,0
0.01508,0
0.01509,0
0.0151,0
0.01511,0
0.01512,0
0.01513,0
0.01514,0
0.01515,0
0.01516,0
0.01517,0
0.01518,0
0.01519,0
0.0152,0
0.01521,0
0.01522,0
0.01523,0
0.01524,0
0.01525,0
0.01526,0
0.01527,0
0.01528,0
0.01529,0
0.0153,0
0.01531,0
0.01532,0
0.01533,0
0.01534,0
0.01535,0
0.01536,0
0.01537,0
0.01538,0
0.01539,0
0.0154,0
0.01541,0
0.01542,0
0.01543,0
0.01544,0
0.01545,0
0.01546,0
0.01547,0
0.01548,0
0.01549,0
0.0155,0
0.01551,0
0.01552,0
0.01553,0
0.01554,0
0.01555,0
0.01556,0
0.01557,0
0.01558,0
0.01559,0
0.0156,0
0.01561,0
0.01562,0
0.01563,0
0.01564,0
0.01565,0
0.01566,0
0.01567,0
0.01568,0
0.01569,0
0.0157,0
0.01571,0
0.01572,0
0.01573,0
0.01574,0
0.01575,0
0.01576,0
0.01577,0
0.01578,0
0.01579,0
0.0158,0
0.01581,0
0.01582,0
0.01583,0
0.01584,0
0.01585,0
0.01586,0
0.01587,0
0.01588,0
0.01589,0
0.0159,0
0.01591,0
0.01592,0
0.01593,0
0.01594,0
0.01595,0
0.01596,0
0.01597,0
0.01598,0
0.01599,1
0.016,1
0.01601,1
0.01602,0
0.01603,0
0.01604,0
0.01605,0
0.01606,0
0.01607,0
0.01608,0
0.01609,0
0.0161,0
0.01611,0
0.01612,0
0.01613,0
0.01614,0
0.01615,0
0.01616,0
0.01617,0
0.01618,0
0.01619,0
0.0162,0
0.01621,0
0.01622,0
0.01623,0
0.01624,0
0.01625,0
0.01626,0
0.01627,0
0.01628,0
0.01629,0
0.0163,0
0.01631,0
0.01632,0
0.01633,0
0.01634,0
0.01635,0
0.01636,0
0.01637,0
0.01638,0
0.01639,0
0.0164,0
0.01641,0
0.01642,0
0.01643,0
0.01644,0
0.01645,0
0.01646,0
0.01647,0
0.01648,0
0.01649,0
0.0165,0
0.01651,0
0.01652,0
0.01653,0
0.01654,0
0.01655,0
0.01656,0
0.01657,0
0.01658,0
0.01659,0
0.0166,0
0.01661,0
0.01662,0
0.01663,0
0.01664,0
0.01665,0
0.01666,0
0.01667,0
0.01668,0
0.01669,0
0.0167,0
0.01671,0
0.01672,0
0.01673,0
0.01674,0
0.01675,0
0.01676,0
0.01677,0
0.01678,0
0.01679,0
0.0168,0
0.01681,0
0.01682,0
0.01683,0
0.01684,0
0.01685,0
0.01686,0
0.01687,0
0.01688,0
0.01689,0
0.0169,0
0.01691,0
0.01692,0
0.01693,0
0.01694,0
0.01695,0
0.01696,1
0.01697,1
0.01698,1
0.01699,1
0.017,1
0.01701,1
0.01702,1
0.01703,1
0.01704,1
0.01705,1
0.01706,0
0.01707,0
0.01708,0
0.01709,0
0.0171,0
0.01711,0
0.01712,0
0.01713,0
0.01714,0
0.01715,0
0.01716,0
0.01717,0
0.01718,0
0.01719,0
0.0172,0
0.01721,0
0.01722,0
0.01723,0
0.01724,0
0.01725,0
0.01726,0
0.01727,0
0.01728,0
0.01729,0
0.0173,0
0.01731,0
0.01732,0
0.01733,0
0.01734,0
0.01735,0
0.01736,0
0.01737,0
0.01738,0
0.01739,0
0.0174,0
0.01741,0
0.01742,0
0.01743,0
0.01744,0
0.01745,0
0.01746,0
0.01747,0
0.01748,0
0.01749,0
0.0175,0
0.01751,0
0.01752,0
0.01753,0
0.01754,0
0.01755,0
0.01756,0
0.01757,0
0.01758,0
0.01759,0
0.0176,0
0.01761,0
0.01762,0
0.01763,0
0.01764,0
0.01765,0
0.01766,0
0.01767,0
0.01768,0
0.01769,0
0.0177,0
0.01771,0
0.01772,0
0.01773,0
0.01774,0
0.01775,0
0.01776,0
0.01777,0
0.01778,0
0.01779,0
0.0178,0
0.01781,0
0.01782,0
0.01783,0
0.01784,0
0.01785,0
0.01786,0
0.01787,0
0.01788,0
0.01789,0
0.0179,0
0.01791,1
0.01792,1
0.01793,1
0.01794,1
0.01795,1
0.01796,1
0.01797,1
0.01798,1
0.01799,1
0.018,1
0.01801,1
0.01802,1
0.01803,1
0.01804,1
0.01805,1
0.01806,1
0.01807,1
0.01808,1
0.01809,1
0.0181,1
0.01811,1
0.01812,0
0.01813,0
0.01814,0
0.01815,0
0.01816,0
0.01817,0
0.01818,0
0.01819,0
0.0182,0
0.01821,0
0.01822,0
0.01823,0
0.01824,0
0.01825,0
0.01826,0
0.01827,0
0.01828,0
0.01829,0
0.0183,0
0.01831,0
0.01832,0
0.01833,0
0.01834,0
0.01835,0
0.01836,0
0.01837,0
0.01838,0
0.01839,0
0.0184,0
0.01841,0
0.01842,0
0.01843,0
0.01844,0
0.01845,0
0.01846,0
0.01847,0
0.01848,0
0.01849,0
0.0185,0
0.01851,0
0.01852,0
0.01853,0
0.01854,0
0.01855,0
0.01856,0
0.01857,0
0.01858,0
0.01859,0
0.0186,0
0.01861,0
0.01862,0
0.01863,0
0.01864,0
0.01865,0
0.01866,0
0.01867,0
0.01868,0
0.01869,0
0.0187,0
0.01871,0
0.01872,0
0.01873,0
0.01874,0
0.01875,0
0.01876,0
0.01877,0
0.01878,0
0.01879,0
0.0188,0
0.01881,0
0.01882,0
0.01883,0
0.01884,1
0.01885,1
0.01886,1
0.01887,1
0.01888,1
0.01889,1
0.0189,1
0.01891,1
0.01892,1
0.01893,1
0.01894,1
0.01895,1
0.01896,1
0.01897,1
0.01898,1
0.01899,1
0.019,1
0.01901,1
0.01902,1
0.01903,1
0.01904,1
0.01905,1
0.01906,1
0.01907,1
0.01908,1
0.01909,1
0.0191,1
0.01911,1
0.01912,1
0.01913,1
0.01914,1
0.01915,1
0.01916,1
0.01917,1
0.01918,1
0.01919,0
0.0192,0
0.01921,0
0.01922,0
0.01923,0
0.01924,0
0.01925,0
0.01926,0
0.01927,0
0.01928,0
0.01929,0
0.0193,0
0.01931,0
0.01932,0
0.01933,0
0.01934,0
0.01935,0
0.01936,0
0.01937,0
0.01938,0
0.01939,0
0.0194,0
0.01941,0
0.01942,0
0.01943,0
0.01944,0
0.01945,0
0.01946,0
0.01947,0
0.01948,0
0.01949,0
0.0195,0
0.01951,0
0.01952,0
0.01953,0
0.01954,0
0.01955,0
0.01956,0
0.01957,0
0.01958,0
0.01959,0
0.0196,0
0.01961,0
0.01962,0
0.01963,0
0.01964,0
0.01965,0
0.01966,0
0.01967,0
0.01968,0
0.01969,0
0.0197,0
0.01971,0
0.01972,0
0.01973,0
0.01974,0
0.01975,0
0.01976,0
0.01977,1
0.01978,1
0.01979,1
0.0198,1
0.01981,1
0.01982,1
0.01983,1
0.01984,1
0.01985,1
0.01986,1
0.01987,1
0.01988,1
0.01989,1
0.0199,1
0.01991,1
0.01992,1
0.01993,1
0.01994,1
0.01995,1
0.01996,1
0.01997,1
0.01998,1
0.01999,1
0.02,1
0.02001,1
0.02002,1
0.02003,1
0.02004,1
0.02005,1
0.02006,1
0.02007,1
0.02008,1
0.02009,1
0.0201,1
0.02011,1
0.02012,1
0.02013,1
0.02014,1
0.02015,1
0.02016,1
0.02017,1
0.02018,1
0.02019,1
0.0202,1
0.02021,1
0.02022,1
0.02023,1
0.02024,1
0.02025,1
0.02026,1
0.02027,1
0.02028,0
0.02029,0
0.0203,0
0.02031,0
0.02032,0
0.02033,0
0.02034,0
0.02035,0
0.02036,0
0.02037,0
0.02038,0
0.02039,0
0.0204,0
0.02041,0
0.02042,0
0.02043,0
0.02044,0
0.02045,0
0.02046,0
0.02047,0
0.02048,0
0.02049,0
0.0205,0
0.02051,0
0.02052,0
0.02053,0
0.02054,0
0.02055,0
0.02056,0
0.02057,0
0.02058,0
0.02059,0
0.0206,0
0.02061,0
0.02062,0
0.02063,0
0.02064,0
0.02065,0
0.02066,0
0.02067,0
0.02068,0
0.02069,0
0.0207,1
0.02071,1
0.02072,1
0.02073,1
0.02074,1
0.02075,1
0.02076,1
0.02077,1
0.02078,1
0.02079,1
0.0208,1
0.02081,1
0.02082,1
0.02083,1
0.02084,1
0.02085,1
0.02086,1
0.02087,1
0.02088,1
0.02089,1
0.0209,1
0.02091,1
0.02092,1
0.02093,1
0.02094,1
0.02095,1
0.02096,1
0.02097,1
0.02098,1
0.02099,1
0.021,1
0.02101,1
0.02102,1
0.02103,1
0.02104,1
0.02105,1
0.02106,1
0.02107,1
0.02108,1
0.02109,1
0.0211,1
0.02111,1
0.02112,1
0.02113,1
0.02114,1
0.02115,1
0.02116,1
0.02117,1
0.02118,1
0.02119,1
0.0212,1
0.02121,1
0.02122,1
0.02123,1
0.02124,1
0.02125,1
0.02126,1
0.02127,1
0.02128,1
0.02129,1
0.0213,1
0.02131,1
0.02132,1
0.02133,1
0.02134,1
0.02135,1
0.02136,0
0.02137,0
0.02138,0
0.02139,0
0.0214,0
0.02141,0
0.02142,0
0.02143,0
0.02144,0
0.02145,0
0.02146,0
0.02147,0
0.02148,0
0.02149,0
0.0215,0
0.02151,0
0.02152,0
0.02153,0
0.02154,0
0.02155,0
0.02156,0
0.02157,0
0.02158,0
0.02159,0
0.0216,0
0.02161,0
0.02162,0
0.02163,1
0.02164,1
0.02165,1
0.02166,1
0.02167,1
0.02168,1
0.02169,1
0.0217,1
0.02171,1
0.02172,1
0.02173,1
0.02174,1
0.02175,1
0.02176,1
0.02177,1
0.02178,1
0.02179,1
0.0218,1
0.02181,1
0.02182,1
0.02183,1
0.02184,1
0.02185,1
0.02186,1
0.02187,1
0.02188,1
0.02189,1
0.0219,1
0.02191,1
0.02192,1
0.02193,1
0.02194,1
0.02195,1
0.02196,1
0.02197,1
0.02198,1
0.02199,1
0.022,1
0.02201,1
0.02202,1
0.02203,1
0.02204,1
0.02205,1
0.02206,1
0.02207,1
0.02208,1
0.02209,1
0.0221,1
0.02211,1
0.02212,1
0.02213,1
0.02214,1
0.02215,1
0.02216,1
0.02217,1
0.02218,1
0.02219,1
0.0222,1
0.02221,1
0.02222,1
0.02223,1
0.02224,1
0.02225,1
0.02226,1
0.02227,1
0.02228,1
0.02229,1
0.0223,1
0.02231,1
0.02232,1
0.02233,1
0.02234,1
0.02235,1
0.02236,1
0.02237,1
0.02238,1
0.02239,1
0.0224,1
0.02241,1
0.02242,1
0.02243,0
0.02244,0
0.02245,0
0.02246,0
0.02247,0
0.02248,0
0.02249,0
0.0225,0
0.02251,0
0.02252,0
0.02253,0
0.02254,0
0.02255,0
0.02256,0
0.02257,1
0.02258,1
0.02259,1
0.0226,1
0.02261,1
0.02262,1
0.02263,1
0.02264,1
0.02265,1
0.02266,1
0.02267,1
0.02268,1
0.02269,1
0.0227,1
0.02271,1
0.02272,1
0.02273,1
0.02274,1
0.02275,1
0.02276,1
0.02277,1
0.02278,1
0.02279,1
0.0228,1
0.02281,1
0.02282,1
0.02283,1
0.02284,1
0.02285,1
0.02286,1
0.02287,1
0.02288,1
0.02289,1
0.0229,1
0.02291,1
0.02292,1
0.02293,1
0.02294,1
0.02295,1
0.02296,1
0.02297,1
0.02298,1
0.02299,1
0.023,1
0.02301,1
0.02302,1
0.02303,1
0.02304,1
0.02305,1
0.02306,1
0.02307,1
0.02308,1
0.02309,1
0.0231,1
0.02311,1
0.02312,1
0.02313,1
0.02314,1
0.02315,1
0.02316,1
0.02317,1
0.02318,1
0.02319,1
0.0232,1
0.02321,1
0.02322,1
0.02323,1
0.02324,1
0.02325,1
0.02326,1
0.02327,1
0.02328,1
0.02329,1
0.0233,1
0.02331,1
0.02332,1
0.02333,1
0.02334,1
0.02335,1
0.02336,1
0.02337,1
0.02338,1
0.02339,1
0.0234,1
0.02341,1
0.02342,1
0.02343,1
0.02344,1
0.02345,1
0.02346,1
0.02347,1
0.02348,0
0.02349,0
0.0235,0
0.02351,0
0.02352,0
0.02353,1
0.02354,1
0.02355,1
0.02356,1
0.02357,1
0.02358,1
0.02359,1
0.0236,1
0.02361,1
0.02362,1
0.02363,1
0.02364,1
0.02365,1
0.02366,1
0.02367,1
0.02368,1
0.02369,1
0.0237,1
0.02371,1
0.02372,1
0.02373,1
0.02374,1
0.02375,1
0.02376,1
0.02377,1
0.02378,1
0.02379,1
0.0238,1
0.02381,1
0.02382,1
0.02383,1
0.02384,1
0.02385,1
0.02386,1
0.02387,1
0.02388,1
0.02389,1
0.0239,1
0.02391,1
0.02392,1
0.02393,1
0.02394,1
0.02395,1
0.02396,1
0.02397,1
0.02398,1
0.02399,1
0.024,1
0.02401,1
0.02402,1
0.02403,1
0.02404,1
0.02405,1
0.02406,1
0.02407,1
0.02408,1
0.02409,1
0.0241,1
0.02411,1
0.02412,1
0.02413,1
0.02414,1
0.02415,1
0.02416,1
0.02417,1
0.02418,1
0.02419,1
0.0242,1
0.02421,1
0.02422,1
0.02423,1
0.02424,1
0.02425,1
0.02426,1
0.02427,1
0.02428,1
0.02429,1
0.0243,1
0.02431,1
0.02432,1
0.02433,1
0.02434,1
0.02435,1
0.02436,1
0.02437,1
0.02438,1
0.02439,1
0.0244,1
0.02441,1
0.02442,1
0.02443,1
0.02444,1
0.02445,1
0.02446,1
0.02447,1
0.02448,1
0.02449,1
0.0245,0
0.02451,1
0.02452,1
0.02453,1
0.02454,1
0.02455,1
0.02456,1
0.02457,1
0.02458,1
0.02459,1
0.0246,1
0.02461,1
0.02462,1
0.02463,1
0.02464,1
0.02465,1
0.02466,1
0.02467,1
0.02468,1
0.02469,1
0.0247,1
0.02471,1
0.02472,1
0.02473,1
0.02474,1
0.02475,1
0.02476,1
0.02477,1
0.02478,1
0.02479,1
0.0248,1
0.02481,1
0.02482,1
0.02483,1
0.02484,1
0.02485,1
0.02486,1
0.02487,1
0.02488,1
0.02489,1
0.0249,1
0.02491,1
0.02492,1
0.02493,1
0.02494,1
0.02495,1
0.02496,1
0.02497,1
0.02498,1
0.02499,1
0.025,1
0.02501,1
0.02502,1
0.02503,1
0.02504,1
0.02505,1
0.02506,1
0.02507,1
0.02508,1
0.02509,1
0.0251,1
0.02511,1
0.02512,1
0.02513,1
0.02514,1
0.02515,1
0.02516,1
0.02517,1
0.02518,1
0.02519,1
0.0252,1
0.02521,1
0.02522,1
0.02523,1
0.02524,1
0.02525,1
0.02526,1
0.02527,1
0.02528,1
0.02529,1
0.0253,1
0.02531,1
0.02532,1
0.02533,1
0.02534,1
0.02535,1
0.02536,1
0.02537,1
0.02538,1
0.02539,1
0.0254,1
0.02541,1
0.02542,1
0.02543,1
0.02544,1
0.02545,1
0.02546,1
0.02547,1
0.02548,1
0.02549,1
0.0255,0
0.02551,1
0.02552,1
0.02553,1
0.02554,1
0.02555,1
0.02556,1
0.02557,1
0.02558,1
0.02559,1
0.0256,1
0.02561,1
0.02562,1
0.02563,1
0.02564,1
0.02565,1
0.02566,1
0.02567,1
0.02568,1
0.02569,1
0.0257,1
0.02571,1
0.02572,1
0.02573,1
0.02574,1
0.02575,1
0.02576,1
0.02577,1
0.02578,1
0.02579,1
0.0258,1
0.02581,1
0.02582,1
0.02583,1
0.02584,1
0.02585,1
0.02586,1
0.02587,1
0.02588,1
0.02589,1
0.0259,1
0.02591,1
0.02592,1
0.02593,1
0.02594,1
0.02595,1
0.02596,1
0.02597,1
0.02598,1
0.02599,1
0.026,1
0.02601,1
0.02602,1
0.02603,1
0.02604,1
0.02605,1
0.02606,1
0.02607,1
0.02608,1
0.02609,1
0.0261,1
0.02611,1
0.02612,1
0.02613,1
0.02614,1
0.02615,1
0.02616,1
0.02617,1
0.02618,1
0.02619,1
0.0262,1
0.02621,1
0.02622,1
0.02623,1
0.02624,1
0.02625,1
0.02626,1
0.02627,1
0.02628,1
0.02629,1
0.0263,1
0.02631,1
0.02632,1
0.02633,1
0.02634,1
0.02635,1
0.02636,1
0.02637,1
0.02638,1
0.02639,1
0.0264,1
0.02641,1
0.02642,1
0.02643,1
0.02644,1
0.02645,1
0.02646,1
0.02647,1
0.02648,0
0.02649,0
0.0265,0
0.02651,0
0.02652,0
0.02653,1
0.02654,1
0.02655,1
0.02656,1
0.02657,1
0.02658,1
0.02659,1
0.0266,1
0.02661,1
0.02662,1
0.02663,1
0.02664,1
0.02665,1
0.02666,1
0.02667,1
0.02668,1
0.02669,1
0.0267,1
0.02671,1
0.02672,1
0.02673,1
0.02674,1
0.02675,1
0.02676,1
0.02677,1
0.02678,1
0.02679,1
0.0268,1
0.02681,1
0.02682,1
0.02683,1
0.02684,1
0.02685,1
0.02686,1
0.02687,1
0.02688,1
0.02689,1
0.0269,1
0.02691,1
0.02692,1
0.02693,1
0.02694,1
0.02695,1
0.02696,1
0.02697,1
0.02698,1
0.02699,1
0.027,1
0.02701,1
0.02702,1
0.02703,1
0.02704,1
0.02705,1
0.02706,1
0.02707,1
0.02708,1
0.02709,1
0.0271,1
0.02711,1
0.02712,1
0.02713,1
0.02714,1
0.02715,1
0.02716,1
0.02717,1
0.02718,1
0.02719,1
0.0272,1
0.02721,1
0.02722,1
0.02723,1
0.02724,1
0.02725,1
0.02726,1
0.02727,1
0.02728,1
0.02729,1
0.0273,1
0.02731,1
0.02732,1
0.02733,1
0.02734,1
0.02735,1
0.02736,1
0.02737,1
0.02738,1
0.02739,1
0.0274,1
0.02741,1
0.02742,1
0.02743,1
0.02744,0
0.02745,0
0.02746,0
0.02747,0
0.02748,0
0.02749,0
0.0275,0
0.02751,0
0.02752,0
0.02753,0
0.02754,0
0.02755,0
0.02756,0
0.02757,0
0.02758,1
0.02759,1
0.0276,1
0.02761,1
0.02762,1
0.02763,1
0.02764,1
0.02765,1
0.02766,1
0.02767,1
0.02768,1
0.02769,1
0.0277,1
0.02771,1
0.02772,1
0.02773,1
0.02774,1
0.02775,1
0.02776,1
0.02777,1
0.02778,1
0.02779,1
0.0278,1
0.02781,1
0.02782,1
0.02783,1
0.02784,1
0.02785,1
0.02786,1
0.02787,1
0.02788,1
0.02789,1
0.0279,1
0.02791,1
0.02792,1
0.02793,1
0.02794,1
0.02795,1
0.02796,1
0.02797,1
0.02798,1
0.02799,1
0.028,1
0.02801,1
0.02802,1
0.02803,1
0.02804,1
0.02805,1
0.02806,1
0.02807,1
0.02808,1
0.02809,1
0.0281,1
0.02811,1
0.02812,1
0.02813,1
0.02814,1
0.02815,1
0.02816,1
0.02817,1
0.02818,1
0.02819,1
0.0282,1
0.02821,1
0.02822,1
0.02823,1
0.02824,1
0.02825,1
0.02826,1
0.02827,1
0.02828,1
0.02829,1
0.0283,1
0.02831,1
0.02832,1
0.02833,1
0.02834,1
0.02835,1
0.02836,1
0.02837,1
0.02838,0
0.02839,0
0.0284,0
0.02841,0
0.02842,0
0.02843,0
0.02844,0
0.02845,0
0.02846,0
0.02847,0
0.02848,0
0.02849,0
0.0285,0
0.02851,0
0.02852,0
0.02853,0
0.02854,0
0.02855,0
0.02856,0
0.02857,0
0.02858,0
0.02859,0
0.0286,0
0.02861,0
0.02862,0
0.02863,0
0.02864,0
0.02865,1
0.02866,1
0.02867,1
0.02868,1
0.02869,1
0.0287,1
0.02871,1
0.02872,1
0.02873,1
0.02874,1
0.02875,1
0.02876,1
0.02877,1
0.02878,1
0.02879,1
0.0288,1
0.02881,1
0.02882,1
0.02883,1
0.02884,1
0.02885,1
0.02886,1
0.02887,1
0.02888,1
0.02889,1
0.0289,1
0.02891,1
0.02892,1
0.02893,1
0.02894,1
0.02895,1
0.02896,1
0.02897,1
0.02898,1
0.02899,1
0.029,1
0.02901,1
0.02902,1
0.02903,1
0.02904,1
0.02905,1
0.02906,1
0.02907,1
0.02908,1
0.02909,1
0.0291,1
0.02911,1
0.02912,1
0.02913,1
0.02914,1
0.02915,1
0.02916,1
0.02917,1
0.02918,1
0.02919,1
0.0292,1
0.02921,1
0.02922,1
0.02923,1
0.02924,1
0.02925,1
0.02926,1
0.02927,1
0.02928,1
0.02929,1
0.0293,1
0.02931,0
0.02932,0
0.02933,0
0.02934,0
0.02935,0
0.02936,0
0.02937,0
0.02938,0
0.02939,0
0.0294,0
0.02941,0
0.02942,0
0.02943,0
0.02944,0
0.02945,0
0.02946,0
0.02947,0
0.02948,0
0.02949,0
0.0295,0
0.02951,0
0.02952,0
0.02953,0
0.02954,0
0.02955,0
0.02956,0
0.02957,0
0.02958,0
0.02959,0
0.0296,0
0.02961,0
0.02962,0
0.02963,0
0.02964,0
0.02965,0
0.02966,0
0.02967,0
0.02968,0
0.02969,0
0.0297,0
0.02971,0
0.02972,0
0.02973,1
0.02974,1
0.02975,1
0.02976,1
0.02977,1
0.02978,1
0.02979,1
0.0298,1
0.02981,1
0.02982,1
0.02983,1
0.02984,1
0.02985,1
0.02986,1
0.02987,1
0.02988,1
0.02989,1
0.0299,1
0.02991,1
0.02992,1
0.02993,1
0.02994,1
0.02995,1
0.02996,1
0.02997,1
0.02998,1
0.02999,1
0.03,1
0.03001,1
0.03002,1
0.03003,1
0.03004,1
0.03005,1
0.03006,1
0.03007,1
0.03008,1
0.03009,1
0.0301,1
0.03011,1
0.03012,1
0.03013,1
0.03014,1
0.03015,1
0.03016,1
0.03017,1
0.03018,1
0.03019,1
0.0302,1
0.03021,1
0.03022,1
0.03023,1
0.03024,0
0.03025,0
0.03026,0
0.03027,0
0.03028,0
0.03029,0
0.0303,0
0.03031,0
0.03032,0
0.03033,0
0.03034,0
0.03035,0
0.03036,0
0.03037,0
0.03038,0
0.03039,0
0.0304,0
0.03041,0
0.03042,0
0.03043,0
0.03044,0
0.03045,0
0.03046,0
0.03047,0
0.03048,0
0.03049,0
0.0305,0
0.03051,0
0.03052,0
0.03053,0
0.03054,0
0.03055,0
0.03056,0
0.03057,0
0.03058,0
0.03059,0
0.0306,0
0.03061,0
0.03062,0
0.03063,0
0.03064,0
0.03065,0
0.03066,0
0.03067,0
0.03068,0
0.03069,0
0.0307,0
0.03071,0
0.03072,0
0.03073,0
0.03074,0
0.03075,0
0.03076,0
0.03077,0
0.03078,0
0.03079,0
0.0308,0
0.03081,0
0.03082,1
0.03083,1
0.03084,1
0.03085,1
0.03086,1
0.03087,1
0.03088,1
0.03089,1
0.0309,1
0.03091,1
0.03092,1
0.03093,1
0.03094,1
0.03095,1
0.03096,1
0.03097,1
0.03098,1
0.03099,1
0.031,1
0.03101,1
0.03102,1
0.03103,1
0.03104,1
0.03105,1
0.03106,1
0.03107,1
0.03108,1
0.03109,1
0.0311,1
0.03111,1
0.03112,1
0.03113,1
0.03114,1
0.03115,1
0.03116,1
0.03117,0
0.03118,0
0.03119,0
0.0312,0
0.03121,0
0.03122,0
0.03123,0
0.03124,0
0.03125,0
0.03126,0
0.03127,0
0.03128,0
0.03129000000000001,0
0.0313,0
0.03131,0
0.03132,0
0.03133,0
0.03134,0
0.03135,0
0.03136000000000001,0
0.03137,0
0.03138000000000001,0
0.03139,0
0.0314,0
0.03141,0
0.03142,0
0.03143,0
0.03144,0
0.03145000000000001,0
0.03146,0
0.03147,0
0.03148,0
0.03149,0
0.0315,0
0.03151,0
0.03152,0
0.03153,0
0.03154000000000001,0
0.03155,0
0.03156,0
0.03157,0
0.03158,0
0.03159,0
0.0316,0
0.03161,0
0.03162,0
0.03163000000000001,0
0.03164,0
0.03165,0
0.03166,0
0.03167,0
0.03168,0
0.03169,0
0.03170000000000001,0
0.03171,0
0.03172000000000001,0
0.03173,0
0.03174,0
0.03175,0
0.03176,0
0.03177,0
0.03178,0
0.03179000000000001,0
0.0318,0
0.03181,0
0.03182,0
0.03183,0
0.03184,0
0.03185,0
0.03186,0
0.03187,0
0.03188000000000001,0
0.03189,1
0.0319,1
0.03191,1
0.03192,1
0.03193,1
0.03194,1
0.03195,1
0.03196,1
0.03197000000000001,1
0.03198,1
0.03199,1
0.032,1
0.03201,1
0.03202,1
0.03203,1
0.03204000000000001,1
0.03205,1
0.03206000000000001,1
0.03207,1
0.03208,1
0.03209,1
0.0321,0
0.03211,0
0.03212,0
0.03213000000000001,0
0.03214,0
0.03215,0
0.03216,0
0.03217,0
0.03218,0
0.03219,0
0.0322,0
0.03221,0
0.03222000000000001,0
0.03223,0
0.03224,0
0.03225,0
0.03226,0
0.03227,0
0.03228,0
0.03229,0
0.0323,0
0.03231000000000001,0
0.03232,0
0.03233,0
0.03234,0
0.03235,0
0.03236,0
0.03237,0
0.03238000000000001,0
0.03239,0
0.03240000000000001,0
0.03241,0
0.03242,0
0.03243,0
0.03244,0
0.03245,0
0.03246,0
0.03247000000000001,0
0.03248,0
0.03249,0
0.0325,0
0.03251,0
0.03252,0
0.03253,0
0.03254,0
0.03255,0
0.03256000000000001,0
0.03257,0
0.03258,0
0.03259,0
0.0326,0
0.03261,0
0.03262,0
0.03263,0
0.03264,0
0.03265000000000001,0
0.03266,0
0.03267,0
0.03268,0
0.03269,0
0.0327,0
0.03271,0
0.03272000000000001,0
0.03273,0
0.03274000000000001,0
0.03275,0
0.03276,0
0.03277,0
0.03278,0
0.03279,0
0.0328,0
0.03281000000000001,0
0.03282,0
0.03283000000000001,0
0.03284,0
0.03285,0
0.03286,0
0.03287,0
0.03288,0
0.03289,0
0.03290000000000001,0
0.03291,0
0.03292,0
0.03293,0
0.03294,0
0.03295,1
0.03296,1
0.03297,1
0.03298,1
0.03299000000000001,1
0.033,1
0.03301,1
0.03302,1
0.03303,1
0.03304,1
0.03305,0
0.03306000000000001,0
0.03307,0
0.03308000000000001,0
0.03309,0
0.0331,0
0.03311,0
0.03312,0
0.03313,0
0.03314,0
0.03315000000000001,0
0.03316,0
0.03317000000000001,0
0.03318,0
0.03319,0
0.0332,0
0.03321,0
0.03322,0
0.03323,0
0.03324000000000001,0
0.03325,0
0.03326,0
0.03327,0
0.03328,0
0.03329,0
0.0333,0
0.03331,0
0.03332,0
0.03333000000000001,0
0.03334,0
0.03335,0
0.03336,0
0.03337,0
0.03338,0
0.03339,0
0.03340000000000001,0
0.03341,0
0.03342000000000001,0
0.03343,0
0.03344,0
0.03345,0
0.03346,0
0.03347,0
0.03348,0
0.03349000000000001,0
0.0335,0
0.03351000000000001,0
0.03352,0
0.03353,0
0.03354,0
0.03355,0
0.03356,0
0.03357,0
0.03358000000000001,0
0.03359,0
0.0336,0
0.03361,0
0.03362,0
0.03363,0
0.03364,0
0.03365,0
0.03366,0
0.03367000000000001,0
0.03368,0
0.03369,0
0.0337,0
0.03371,0
0.03372,0
0.03373,0
0.03374000000000001,0
0.03375,0
0.03376000000000001,0
0.03377,0
0.03378,0
0.03379,0
0.0338,0
0.03381,0
0.03382,0
0.03383000000000001,0
0.03384,0
0.03385000000000001,0
0.03386,0
0.03387,0
0.03388,0
0.03389,0
0.0339,0
0.03391,0
0.03392000000000001,0
0.03393,0
0.03394,0
0.03395,0
0.03396,0
0.03397,0
0.03398,0
0.03399,1
0.034,1
0.03401000000000001,1
0.03402,0
0.03403,0
0.03404,0
0.03405,0
0.03406,0
0.03407,0
0.03408000000000001,0
0.03409,0
0.03410000000000001,0
0.03411,0
0.03412,0
0.03413,0
0.03414,0
0.03415,0
0.03416,0
0.03417000000000001,0
0.03418,0
0.03419000000000001,0
0.0342,0
0.03421,0
0.03422,0
0.03423,0
0.03424,0
0.03425,0
0.03426000000000001,0
0.03427,0
0.03428,0
0.03429,0
0.0343,0
0.03431,0
0.03432,0
0.03433,0
0.03434,0
0.03435000000000001,0
0.03436,0
0.03437,0
0.03438,0
0.03439,0
0.0344,0
0.03441,0
0.03442000000000001,0
0.03443,0
0.03444000000000001,0
0.03445,0
0.03446,0
0.03447,0
0.03448,0
0.03449,0
0.0345,0
0.03451000000000001,0
0.03452,0
0.03453000000000001,0
0.03454,0
0.03455,0
0.03456,0
0.03457,0
0.03458,0
0.03459,0
0.03460000000000001,0
0.03461,0
0.03462,0
0.03463,0
0.03464,0
0.03465,0
0.03466,0
0.03467,0
0.03468,0
0.03469000000000001,0
0.0347,0
0.03471,0
0.03472,0
0.03473,0
0.03474,0
0.03475,0
0.03476000000000001,0
0.03477,0
0.03478000000000001,0
0.03479,0
0.0348,0
0.03481,0
0.03482,0
0.03483,0
0.03484,0
0.03485000000000001,0
0.03486,0
0.03487000000000001,0
0.03488,0
0.03489,0
0.0349,0
0.03491,0
0.03492,0
0.03493,0
0.03494000000000001,0
0.03495,0
0.03496,0
0.03497,0
0.03498,0
0.03499,0
0.035,1
0.03501,0
0.03502,0
0.03503000000000001,0
0.03504,0
0.03505,0
0.03506,0
0.03507,0
0.03508,0
0.03509,0
0.03510000000000001,0
0.03511,0
0.03512000000000001,0
0.03513,0
0.03514,0
0.03515,0
0.03516,0
0.03517,0
0.03518,0
0.03519000000000001,0
0.0352,0
0.03521000000000001,0
0.03522,0
0.03523,0
0.03524,0
0.03525,0
0.03526,0
0.03527,0
0.03528000000000001,0
0.03529,0
0.0353,0
0.03531,0
0.03532,0
0.03533,0
0.03534,0
0.03535,0
0.03536,0
0.03537000000000001,0
0.03538,0
0.03539,0
0.0354,0
0.03541,0
0.03542,0
0.03543,0
0.03544000000000001,0
0.03545,0
0.03546000000000001,0
0.03547,0
0.03548,0
0.03549,0
0.0355,0
0.03551,0
0.03552,0
0.03553000000000001,0
0.03554,0
0.03555000000000001,0
0.03556,0
0.03557,0
0.03558,0
0.03559,0
0.0356,0
0.03561,0
0.03562000000000001,0
0.03563,0
0.03564000000000001,0
0.03565,0
0.03566,0
0.03567,0
0.03568,0
0.03569,0
0.0357,0
0.03571000000000001,0
0.03572,0
0.03573,0
0.03574,0
0.03575,0
0.03576,0
0.03577,0
0.03578000000000001,0
0.03579,0
0.03580000000000001,0
0.03581,0
0.03582,0
0.03583,0
0.03584,0
0.03585,0
0.03586,0
0.03587000000000001,0
0.03588,0
0.03589000000000001,0
0.0359,0
0.03591,0
0.03592,0
0.03593,0
0.03594,0
0.03595,0
0.03596000000000001,0
0.03597,0
0.03598000000000001,0
0.03599,1
0.036,1
0.03601,1
0.03602,0
0.03603,0
0.03604,0
0.03605000000000001,0
0.03606,0
0.03607,0
0.03608,0
0.03609,0
0.0361,0
0.03611,0
0.03612000000000001,0
0.03613,0
0.03614000000000001,0
0.03615,0
0.03616,0
0.03617,0
0.03618,0
0.03619,0
0.0362,0
0.03621000000000001,0
0.03622,0
0.03623000000000001,0
0.03624,0
0.03625,0
0.03626,0
0.03627,0
0.03628,0
0.03629,0
0.03630000000000001,0
0.03631,0
0.03632000000000001,0
0.03633,0
0.03634,0
0.03635,0
0.03636,0
0.03637,0
0.03638,0
0.03639000000000001,0
0.0364,0
0.03641,0
0.03642,0
0.03643,0
0.03644,0
0.03645,0
0.03646000000000001,0
0.03647,0
0.03648000000000001,0
0.03649,0
0.0365,0
0.03651,0
0.03652,0
0.03653,0
0.03654,0
0.03655000000000001,0
0.03656,0
0.03657000000000001,0
0.03658,0
0.03659,0
0.0366,0
0.03661,0
0.03662,0
0.03663,0
0.03664000000000001,0
0.03665,0
0.03666000000000001,0
0.03667,0
0.03668,0
0.03669,0
0.0367,0
0.03671,0
0.03672,0
0.03673000000000001,0
0.03674,0
0.03675,0
0.03676,0
0.03677,0
0.03678,0
0.03679,0
0.03680000000000001,0
0.03681,0
0.03682000000000001,0
0.03683,0
0.03684,0
0.03685,0
0.03686,0
0.03687,0
0.03688,0
0.03689000000000001,0
0.0369,0
0.03691000000000001,0
0.03692,0
0.03693,0
0.03694,0
0.03695,0
0.03696,1
0.03697,1
0.03698000000000001,1
0.03699,1
0.03700000000000001,1
0.03701,1
0.03702,1
0.03703,1
0.03704,1
0.03705,1
0.03706,0
0.03707000000000001,0
0.03708,0
0.03709,0
0.0371,0
0.03711,0
0.03712,0
0.03713,0
0.03714000000000001,0
0.03715,0
0.03716000000000001,0
0.03717,0
0.03718,0
0.03719,0
0.0372,0
0.03721,0
0.03722,0
0.03723000000000001,0
0.03724,0
0.03725000000000001,0
0.03726,0
0.03727,0
0.03728,0
0.03729,0
0.0373,0
0.03731,0
0.03732000000000001,0
0.03733,0
0.03734000000000001,0
0.03735,0
0.03736,0
0.03737,0
0.03738,0
0.03739,0
0.0374,0
0.03741000000000001,0
0.03742,0
0.03743,0
0.03744,0
0.03745,0
0.03746,0
0.03747,0
0.03748000000000001,0
0.03749,0
0.03750000000000001,0
0.03751,0
0.03752,0
0.03753,0
0.03754,0
0.03755,0
0.03756,0
0.03757000000000001,0
0.03758,0
0.03759000000000001,0
0.0376,0
0.03761,0
0.03762,0
0.03763,0
0.03764,0
0.03765,0
0.03766000000000001,0
0.03767,0
0.03768000000000001,0
0.03769,0
0.0377,0
0.03771,0
0.03772,0
0.03773,0
0.03774,0
0.03775000000000001,0
0.03776,0
0.03777,0
0.03778,0
0.03779,0
0.0378,0
0.03781,0
0.03782000000000001,0
0.03783,0
0.03784000000000001,0
0.03785,0
0.03786,0
0.03787,0
0.03788,0
0.03789,0
0.0379,0
0.03791000000000001,1
0.03792,1
0.03793000000000001,1
0.03794,1
0.03795,1
0.03796,1
0.03797,1
0.03798,1
0.03799,1
0.03800000000000001,1
0.03801,1
0.03802000000000001,1
0.03803,1
0.03804,1
0.03805,1
0.03806,1
0.03807,1
0.03808,1
0.03809000000000001,1
0.0381,1
0.03811,1
0.03812,0
0.03813,0
0.03814,0
0.03815,0
0.03816000000000001,0
0.03817,0
0.03818000000000001,0
0.03819,0
0.0382,0
0.03821,0
0.03822,0
0.03823,0
0.03824,0
0.03825000000000001,0
0.03826,0
0.03827000000000001,0
0.03828,0
0.03829,0
0.0383,0
0.03831,0
0.03832,0
0.03833,0
0.03834000000000001,0
0.03835,0
0.03836000000000001,0
0.03837,0
0.03838,0
0.03839,0
0.0384,0
0.03841,0
0.03842,0
0.03843000000000001,0
0.03844,0
0.03845000000000001,0
0.03846,0
0.03847,0
0.03848,0
0.03849,0
0.03850000000000001,0
0.03851,0
0.03852000000000001,0
0.03853,0
0.03854,0
0.03855,0
0.03856,0
0.03857,0
0.03858,0
0.03859000000000001,0
0.0386,0
0.03861000000000001,0
0.03862,0
0.03863,0
0.03864,0
0.03865,0
0.03866,0
0.03867,0
0.03868000000000001,0
0.03869,0
0.03870000000000001,0
0.03871,0
0.03872,0
0.03873,0
0.03874,0
0.03875,0
0.03876,0
0.03877000000000001,0
0.03878,0
0.03879000000000001,0
0.0388,0
0.03881,0
0.03882,0
0.03883,0
0.03884000000000001,1
0.03885,1
0.03886000000000001,1
0.03887,1
0.03888,1
0.03889,1
0.0389,1
0.03891,1
0.03892,1
0.03893000000000001,1
0.03894,1
0.03895000000000001,1
0.03896,1
0.03897,1
0.03898,1
0.03899,1
0.039,1
0.03901,1
0.03902000000000001,1
0.03903,1
0.03904000000000001,1
0.03905,1
0.03906,1
0.03907,1
0.03908,1
0.03909,1
0.0391,1
0.03911000000000001,1
0.03912,1
0.03913000000000001,1
0.03914,1
0.03915,1
0.03916,1
0.03917,1
0.03918000000000001,1
0.03919,0
0.03920000000000001,0
0.03921,0
0.03922,0
0.03923,0
0.03924,0
0.03925,0
0.03926,0
0.03927000000000001,0
0.03928,0
0.03929000000000001,0
0.0393,0
0.03931,0
0.03932,0
0.03933,0
0.03934,0
0.03935,0
0.03936000000000001,0
0.03937,0
0.03938000000000001,0
0.03939,0
0.0394,0
0.03941,0
0.03942,0
0.03943,0
0.03944,0
0.03945000000000001,0
0.03946,0
0.03947000000000001,0
0.03948,0
0.03949,0
0.0395,0
0.03951,0
0.03952000000000001,0
0.03953,0
0.03954000000000001,0
0.03955,0
0.03956,0
0.03957,0
0.03958,0
0.03959,0
0.0396,0
0.03961000000000001,0
0.03962,0
0.03963000000000001,0
0.03964,0
0.03965,0
0.03966,0
0.03967,0
0.03968,0
0.03969,0
0.03970000000000001,0
0.03971,0
0.03972000000000001,0
0.03973,0
0.03974,0
0.03975,0
0.03976,0
0.03977,1
0.03978,1
0.03979000000000001,1
0.0398,1
0.03981000000000001,1
0.03982,1
0.03983,1
0.03984,1
0.03985,1
0.03986000000000001,1
0.03987,1
0.03988000000000001,1
0.03989,1
0.0399,1
0.03991,1
0.03992,1
0.03993,1
0.03994,1
0.03995000000000001,1
0.03996,1
0.03997000000000001,1
0.03998,1
0.03999,1
